reference,prediction
Do electronegativity and elektrodepotential both describe to what extent an atom can attract electrons?,"""How does electropotential relate to electronegativity in terms of electron attraction mechanism?"""
How lithium behaves as a strong reducing agent?,Does lithium's high ionization potential imply it is a strong reducing agent?
How come Li has more reduction potential than Na or K?,Why does an atom's atomic radius affect its ability to gain electrons?
Does more reactive imply a greater reducing potential?,Does a higher atomic radius imply less attraction to valency electrons in reduction?
How come Li has more reduction potential than Na or K?,How does lithium's high charge density contribute to its large hydration energy in water?
Does more reactive imply a greater reducing potential?,"""How does the hydration energy of lithium affect its behavior as a reducing agent?"""
Why do lone pairs of electrons form hybrid orbitals?,"""How does a lone pair in a p orbital affect bond angle formation?"""
Why Nitrogen needs sp3 Hybridization to form ammonia?,Does hybridization explain why all N-H bond lengths are equal in ammonia?
Why lone pairs of electrons have their own hybridized orbitals?,"""How does hybridization of an orbital affect the formation of pi bonds in a molecule?"""
Why oxygen atoms in the molecular formula of water has 4 more atoms that can be used for other bonds?,What is the relationship between valence electrons and the formation of lone pairs in oxygen?
Does one classify the H2O molecules as solid or liquid?,"""How does the melting of ice affect the temperature rise during phase transition?"""
Does one classify the H2O molecules as solid or liquid?,How does the temperature plateau during the phase transition imply latent heat release?
Is there a limit to that the steam will get hotter?,What is the relationship between temperature and the decomposition rate of water molecules?
Does applying more heat not change the average kinetic energy?,What is the mechanism underlying superfluid's zero viscosity at extremely low temperatures?
Is a non spontaneous reaction always a reverse reaction?,What is implied about spontaneity when the Gibbs free energy is negative?
What is the meaning of the equilibrium constant?,What is the relationship between K value and the concentration ratio of products/reactants at equilibrium?
Why an ether and an alcohol can be considered structural isomers but these molecules cannot?,What structural differences occur between isomers that have atoms bonded to different atoms?
Why is there so much more water on Earth than ammonia even though nitrogen is more abundant?,"""Do different bond-forming abilities with hydrogen explain why nitrogen is a base, while chlorine is an acid?"""
How to calculate the frequency of the fire?,How do the frequencies generated from atomic orbital changes relate to electromagnetic fields?
How will the viscosity of liquid be affected by increase in temperature?,"""Does an increase in kinetic energy decrease a substance's viscosity?"""
How will the viscosity of liquid be affected by increase in temperature?,What is the effect on viscosity when the kinetic energy of molecules increases with temperature?
What gives an electron a negative charge and what gives a proton a positive charge?,What is the natural property that causes protons to be deflected in a magnetic field?
What gives an electron a negative charge and what gives a proton a positive charge?,What is the intrinsic angular momentum of an electron in relation to its rest mass?
Why do they always say 'atomic weight' on the periodic table?,How does a weighted average differ from an unweighted average in terms of atomic mass?
Why do strong acid and bases give 100% ionization?,What is the reason for strong acids favoring dissociation in aqueous solution?
what is the difference if atomic weight and atomic mass are not the same thing?,What is the relationship between atomic mass and molar mass in grams?
Is surface tension responsible for the pain felt by a person?,What role do hydrogen bonds play in exerting force on a body entering water?
Is surface tension responsible for the pain felt by a person?,How does the sudden change in water momentum contribute to body impact damage?
Why didn't only one drop leak out?,What causes gravity to overcome surface tension when water molecules begin to overflow?
What was happening molecularly to the surface of the water?,How does the weakening of hydrogen bonds contribute to surface tension decrease?
How surface tension applies to the shape of water droplet?,Why do hydrogen bonds cause water to minimize its surface area?
Why don't the oxygen atoms in the air bond to the water molecules on the surface and pull on water molecules?,"What is the effect of agitation on oxygen absorption in water, according to Henry's Law?"
How does water evaporate?,"""How does the kinetic energy of water molecules relate to their evaporation rate?"""
What happens to the water at the bottom of the container?,What is the relationship between surface tension and the apparent density at different water depths?
"Why does a paperclip that is able to sink below the surface, go down to the bottom?",How does surface tension at the water's surface affect its overall density?
How does the brain get the oxygen and glucose it needs?,"""What is the role of glucose transporters and co-transporters in permeating glucose?"""
Why is the brain included in central nervous system?,"""How does the role of the central nervous system relate to its position in the body?"""
Are the cranial nerves part of the CNS and the spinal nerves part of the PNS?,"""Do afferent signals, specifically from cranial nerves, primarily transmit sensory information to what?"""
Why the sensory neurons in the ganglia have axons that carry impulses towards the soma instead of dendrites that carry impulses towards the soma?,What is the primary function of dendrites in comparison to axons?
What does surface area have to do with how much energy it takes for these transfers to occur?,What effect does a decrease in surface area to volume ratio have on diffusion rates?
How to know it is not there without fulfilling the octet rule?,What effect does having 8 valence electrons have on oxygen's stability in a compound?
How does oxygen get a triple bond with carbon?,"""What is the role of lone pair donation in CO formation and bonding?"""
How does oxygen get a triple bond with carbon?,Does sp hybridization imply a triple bond in CO is chemically significant?
How would dogs and horses be listed?,How does the relatively recent divergence of dogs and horses imply a common ancestor?
How would dogs and horses be listed?,What is the mechanism behind the common ancestral traits shared between horses and dogs?
How are they classified on the map?,Do two breeding populations that cannot interbreed always represent different species?
Are they consider a different species or a subspecies?,What is the significance of interbreeding ability when distinguishing between species and subspecies?
Do we also breathe in the nitrogen in the atmosphere and do we take in this nitrogen?,What is the primary role of nitrogen-fixing bacteria in converting atmospheric nitrogen?
Would air particles perform a tiny sonic boom?,"""Do rapid air molecule compressions and rarefractions imply a sonic boom in vacuum conditions?"""
Would air particles perform a tiny sonic boom?,"What is the mechanism behind a sonic boom, specifically the role of compression?"
Would air particles perform a tiny sonic boom?,What is required for a particle to generate a compression and produce a sonic boom?
Would air particles perform a tiny sonic boom?,Do individual air particles moving faster than sound create a shock wave that passes by?
Does it have to consider the direction of the molecules or the absolute value?,Would an object's kinetic energy change if its velocity direction reversed?
Why do things burn or explode?,What is the relationship between molecular speed and the oxidation probability threshold?
Why is the speed increasing while the temperature is constant?,How does an increase in temperature affect the average speed of molecular collisions?
After a while would the graph for the same system be different?,What effect does the enormous number of molecules have on a graph's shape over time?
Is there any specific reason mole was defined using the number of elemental entities of carbon-12?,What is the significance of an equal number of neutrons and protons in C12?
How does the body know what to send down the esophagus and what to send down the trachea?,What is the mechanism by which muscle contractions affect the opening of the trachea?
How does the body know what to send down the esophagus and what to send down the trachea?,What is the role of the epiglottis in preventing food from entering the trachea?
Does some air leak or escape?,What is the mechanism by which air pathways to lungs prevent escape through the system?
How efficient is this system?,How does the piping structure of airways contribute to respiratory system efficiency?
Does some air leak or escape?,"How does the interconnectedness of pharynx, trachea, and bronchi prevent air leakage?"
Does our body use the co2 produced by our body?,What is the specific role of CO2 in the urea cycle process in human physiology?
Why do we need two lungs?,What is the advantage of having smaller bronchioles with villi on lung surfaces?
Why do we need two lungs?,What is the impact on lifespan when one lung replaces two in a human body?
What becomes of the oxygen that had not been used up?,What role does excess O2 play in the mechanism of CPR effectiveness?
Does oxygen that had not been used up escape?,"""What is the mechanism by which excess oxygen is exhaled in CPR?"""
Are lungs controlled in a voluntary or involuntary manner?,Do voluntary abdominal muscles affect the rate of gas exchange in the lungs?
Why do blood go to the heart if they need oxygen?,What is the mechanism by which deoxygenated blood diffuses into alveoli?
Do blood get filled by the alveoli?,What role does diffusion play in separating CO2 from O2 in alveoli?
Why hasn't the body evolved so that 'solid' stuff doesn't travel from the nose to the stomach?,Would the stomach acids' ability to kill germs be sufficient for body defense?
Why hasn't the body evolved so that 'solid' stuff doesn't travel from the nose to the stomach?,What is the primary mechanism through which mucus is cleared from the nasal cavity?
How much time does the gasses presented in the blood getting exchanged by the alveoli takes?,"""How does diffusion, facilitated by heart rate and breathing, affect tissue oxygenation rates?"""
Why does the 4s orbital fill in general?,Why do 4s orbitals fill before 3d orbitals according to the Madelung rule?
"How can cadmium, an element that is somewhere around the middle of the periodic table, have an oxidation state of +2?",Why does Cadmium tend to lose 2 electrons from its valence shell?
Are the anode rays only nuclei?,Do positively charged anode rays imply the presence of ionized gas particles?
How will indicator help?,What pH range is associated with the equivalence point in a strong acid-strong base titration?
Does the colour goes away?,What is the mechanism behind the change in color intensity of Bromothymol Blue?
Does the colour goes away?,What effect does pH have on the color change of Bromthymol blue?
Why doesn't a titration of HCL against Na2CO3 go to completion?,Does phenolphthalein's colour change accurately indicate both equivalence points in a titration?
How can Osmosis be a form of Passive Transport?,What is the relationship between concentration gradient and passive transport processes like osmosis?
Shouldn't Osmosis technically be classified as a form of active transport?,What is the primary mechanism that allows active transport to use energy from respiration?
Why would osmosis be a form of Passive Transport?,"How does osmosis, a form of passive transport, move water across concentrations?"
How molecules move from areas of high concentration to low concentration?,"""How does osmosis, a form of passive transport, move water across cell membranes?"""
Shouldn't osmosis technically be classified as a form of active transport?,"""How does osmosis, a form of passive transport, differ from active transport in terms of energy usage?"""
Is osmosis also passive transport for water?,"""Does passive transport imply a movement towards areas of lower water concentration always?"""
Did RNA exist before cells?,What is the significance of metallic clay in facilitating RNA production through natural chemical processes?
How would that water continue through the water cycle?,What role does transpiration play in transforming water from liquid to gas phase?
Why are the electrons mapped out in such an orderly way?,What is the relationship between Bohr's model simplicity and its accuracy in representing atomic structure?
According to what definition?,Why does having completely filled d orbitals exclude zinc from being a transition metal?
Is the theory called a law?,"What is the distinction between a law and a theory, in scientific terminology?"
Would that salt water need to be heated at a higher temperature before it began to evaporate?,Does atmospheric pressure influence Earth's surface temperature to a significant extent?
How is salt in the water?,What is the mechanism by which water picks up salt from atmospheric and soil sources?
Why wouldn't the males be affected but the females would?,Why do X-linked genes require specific developmental stages and hormonal inputs to express?
What do females get in terms of alleles/genetic traits that males don't?,How does having two X chromosomes lower the chance for X-linked diseases in females?
How is a ligament tear different from a sprain and why does it require surgery?,"""How does capillary dilation lead to the leakage of fluid into surrounding tissue?"""
How is a ligament tear different from a sprain and why does it require surgery?,What is the mechanical consequence of a ligament being over-stretched during a sudden pull?
Would the lungs be an Involuntary or Voluntary muscle?,"How does skeletal muscle, such as the diaphragm, control involuntary breathing functions?"
What type of muscle is responsible for breathing?,What is the primary mechanism by which smooth muscle generates involuntary movement?
When the muscle contracts what does it pull on to straighten the leg or to bring the lower leg up?,How does the quadriceps' contraction mechanism influence its attachment to two different bones?
Does every polypeptide start with methionine as the first amino acid?,What is the effect of methionine oxidation on the chemical structure of peptides?
Does Methionine go to E-site(exit) or does it remove after the polypeptides are formed?,What is the relationship between Methionine aminopeptidase inhibition and cell viability in humans?
Where does the tRNA go?,"""How does the absence of hydrolysis affect tRNA's ability to rejoin A site?"""
Where does the tRNA go?,What role does restriction enzyme play in tRNA disassembly and new synthesis?
Does Ribosome exists first or Protein does?,Does the use of RNA as a catalyst imply an RNA world existed?
Is the N-terminus or C-terminus formed first?,What is the role of the carboxyl group in amino acid addition to a growing polypeptide?
How does the RNA polymerase continue on with transcription?,How does the tryptophan concentration affect its binding affinity to repressor proteins?
Does the co-repressor unbind itself from the repressor?,What is the effect on tryptophan gene transcription when tryptophan repressor levels are increased?
What happen if the repressor stops functioning?,What effect would a mutation in the repressor gene have on tryptophan enzyme transcription?
Can the strength of a base or acid be determined only by its starting pH?,"""How does complete dissociation in water relate to a strong acid's pH?"""
How do the molecules moving down their concentration gradient in a antiporter provide the energy for the others to move in the opposite direction?,"""How does the stored energy from sodium ions affect the antiporter's shape change?"""
How is the Sodium-Potassium Pump NOT an anti porter?,"""How does secondary active transport differ from primary active transport in terms of solute movement?"""
How is the Sodium-Potassium Pump NOT an anti porter?,What is the mechanism that distinguishes an antiporter from the sodium-potassium pump?
How is the Sodium-Potassium Pump NOT an anti porter?,"""How does the antiporter's shape change enable it to transport molecules against the concentration gradient?"""
Do the symporters and antiporters use ATP?,What is the role of the electrochemical gradient in antiporter secondary active transport mechanisms?
Is this use of renewable energy through passive transport down the concentration gradient that provides them with all of the energy needed for the exchange?,What is the primary mechanism through which symporters use energy from electrochemical gradients?
Does the oxygen bonded with another oxygen don't count as another oxidation state?,"""What is the oxidation number when an atom is bonded to another atom of itself?"""
How to determine whether an oxide is superoxide or peroxide?,Does a higher oxidation number of oxygen imply a superoxide anion?
How to work out what its oxidation number is?,"""How does oxygen's electronegativity relate to its consistently high oxidation number values?"""
How to determine the oxidation state of oxygen?,What is the effect on oxidation state when combining elements with fluorine?
What are the possible complications or consequences of a kidney infection?,What is the effect of a kidney infection on future susceptibility to infections?
What would the evolutionary advantage be for having a bladder instead of just peeing?,What is the effect of a low urine flow on ureteric bacterial susceptibility?
Why do leave lot concentration of pure solids?,What happens to a solid's activity when its concentration is not used in calculations?
Should none of the water evaporate because the boiling point of water is 100 Celsius?,What is the relationship between atmospheric pressure and the boiling point of water?
How is water supposed to evaporate at 25 degrees Celsius?,What is the relationship between pressure and molecular separation in states of matter change?
Will atom need to gain 4 electrons or lose 4 electrons to achieve an octet?,"""Does a half-filled orbital imply greater stability in an atom's valence electrons?"""
Why does air exist continuously in gaseous form?,What is the relationship between intermolecular forces and the kinetic energy within the atmosphere?
Why do molecules of water which evaporate condense back again when the air can maintain it's KE ?,What is the relationship between the pressure and kinetic energy in a gas?
Will the boiling point change?,What is the relationship between atmospheric pressure and boiling point elevation?
How will the boiling point change?,"""How does atmospheric pressure influence the boiling point of a substance?"""
What would happen? Would the vapor pressure increase?,Is a decrease in surrounding pressure enough to make a liquid boil at its vapor pressure?
How does the entire bulk of a liquid kept in open air evaporate ?,What is the effect of increasing kinetic energy on the rate of vaporisation?
Does vaporization occur in an open system?,"""Why does vaporisation occur when a closed system is compared to an open system?"""
"How to explain the boiling,say of water,in an open vessel?","""How does an increase in average kinetic energy affect the rate of vaporization?"""
Species have lone pairs molecular geometry can only be v-shaped or trigonal pyramid?,Would an atom with two lone pairs necessarily have a bond angle less than 109.5 degrees?
Why/how was sexual reproduction introduced?,"""Do variations in gene expression during sexual reproduction improve population adaptation to environmental changes?"""
"How to account for 'new' traits, and not just novel gene combinations?",What is the role of frameshift mutation in altering existing gene function?
A chromosome has just DNA with different number of pairs?,"""What is the relationship between chromosome number and species specificity in mammals?"""
How many chromosomes would a person have?,What is the relationship between gene expression and chromosomal variation in gay and bisexual orientations?
How many chromosomes would a person have?,What is the relationship between trisomy and the development of Klinefelter's Syndrome?
Why do human need variation?,"How does genetic variation, resulting from mutations and recombination, impact population diversity?"
Why do we need to balance the equation?,What is implied about atomic conservation when mass seems to appear or disappear during a reaction?
Would fusion disprove the Law of Conservation of Matter?,What is the primary distinction between nuclear reactions and chemical reactions in terms of temperature requirements?
Is it more important to have no formal charge than obey the octet rule?,What is implied about the electron distribution when oxygen is more electronegative?
Why aren't electrons on the terminal atoms considered?,What is the relationship between electron geometry and molecular geometry in an atom?
How is trigonal pyramidal different from tetrahedral?,Does a trigonal pyramidal shape imply tetrahedral geometry in certain molecules?
"Why doesn't the pressure of the cell (even a red blood cell that isn't rigid), balance out the net inflow?","""How does a lack of cell wall affect osmotic pressure in red blood cells?"""
"Why doesn't the pressure of the cell (even a red blood cell that isn't rigid), balance out the net inflow?",What is required for net inflow to occur in a hypotonic solution?
"Why doesn't the pressure of the cell (even a red blood cell that isn't rigid), balance out the net inflow?",What is the mechanism by which turgor pressure prevents cell bursting in plant cells?
Shouldn't there be MORE water outside the cells?,"""Does transpiration rely on a higher concentration gradient outside plant cells?"""
Why do plants die from over-watering?,What is the mechanism by which xylem regulates water in plant tissues due to transpiration?
Salt was dissolved in the digestive system so why would osmosis need to dissolve it again when diffusing the salt?,What is the effect on solute concentration when water moves across a semi-permeable membrane?
Is it where all the work happens?,What is the primary role of metabolism in facilitating other essential chemical reactions?
Is reaction that oxygen reacts with carbon to create CO2 anabolic or catabolic?,What is the significance of O2's greater oxidative power compared to CO2 in anabolic and catabolic processes?
Does metabolism vary widely between people?,How does a person's activity level affect the rates of different chemical processes in metabolism?
Does ATP transform back to ADP?,What is the role of ADP rephosphorylation in cellular energy conservation mechanisms?
Can ADP be used again to form back ATP?,What is the primary function of ATP once it has been phosphorylated from ADP?
Does anabolism and catabolism is a cyclic process?,"""Do anabolic reactions imply that energy is conserved in biological systems overall?"""
Does metabolism happen all time?,"""Do catabolic and anabolic reactions occur simultaneously within a single metabolic pathway?"""
If both anabolic pathways and metabolic pathways can happen at same time?,"""How does anabolic metabolism imply catabolic reactions, and what are their interconnected dynamics?"""
Does human beings have the capacity to use all areas of cerebral cortex or only few designated areas?,What is the relationship between TMS-induced brain stimulation and temporary savant-like cognitive states?
What happens to the myelin sheath and nodes of ranvier?,"""How does lipid uptake and trafficking affect demyelination in multiple sclerosis lesions?"""
Is tRNA formed from these hairpin structures?,What is the role of multiple hairpins in forming a 3D tRNA structure?
Why are introns are formed?,What is the origin and relationship between typical introns and parasitic DNA elements?
Won't the RNA have the wrong sequence?,What role do introns play in regulating gene expression compared to coding DNA segments?
Wouldn't it be more practical for the cell to just splice the DNA strand itself?,Does polymerase's processivity imply that every DNA strand is transcribed at some point?
How to figure out that the trait is recessive?,What is the genetic implication of a parent being heterozygous for an autosomal recessive trait?
How can water pass through the hydrophobic part of the cell?,"What is the mechanism by which water, despite polarity, diffuses through a hydrophobic membrane?"
Is the ribosome an enzyme or does it just ACT as an enzyme?,"""How does aminoacyl tRNA synthetase create a new structure with an amino acid attached?"""
Is the ribosome an enzyme or does it just ACT as an enzyme?,Do many proteins within ribosomes have enzymatic activity despite not being enzymes themselves?
From where does tRNA get revived to continue its function in the future?,"""What is the role of pyrophosphate release during amino acid activation?"""
Can the mRNA be translated again?,"""What is the relationship between mRNA stability and the number of translations it undergoes?"""
What effect would increasing the colume of the intermembrane space have on the function of a mitochondrion?,What is the effect on mitochondrial respiration if intermembrane space is significantly increased?
Do protons go into the mitochondria or mitochondria has extra protons itself?,"""How do cellular processes utilizing water's autoionization impact pH in a buffered environment?"""
Is not complex 2 supposed to have more ability to gain electrons?,What is the significance of complex 2 ignoring NADH in electron transport?
What would happen to total current?,What effect does removing a resistor have on the total current in parallel circuits?
Can you calculate resistance and just inverse it?,How does conductance being the inverse of resistance relate to parallel circuit calculations?
What would the applications of parallel conductance be?,How does the conductance viewpoint relate to parallel resistor circuits compared to series resistance?
Don't a voltage source and a current source both supply a current and voltage in a circuit?,What is the relationship between a constant voltage source and current generation?
Why pH 7 is chosen as neutral?,What is the relationship between pH and the concentration of H+ ions in a substance?
Where does the ATP come from?,How does the Calvin cycle's dependency on light-dependent reactions create a constant cycle?
Does the Calvin cycle happen after the light-dependent reactions occurs or is the Calvin cycle independent?,What is the mechanism by which light-dependent reactions provide energy for the Calvin cycle?
What is the actual colour of the plant?,What is the mechanism that leads to thylakoids causing overall plant color to appear green?
How plants respond to nature?,What is the mechanism by which fungi deliver messages to nearby plants?
Do plants respond to night light with no heat?,How does the fungal network in soil facilitate plant-to-plant communication and disease prevention?
How can NaOH have a pH scale?,"""What is the effect on pH when increasing the concentration of OH- ions?"""
Does ph of a monoprotic acid and a diprotic acid is same?,Would a diprotic acid with lower dissociation rate have same pH as a monoprotic acid?
Why does nucleolus disappear and then reappear again?,What mechanisms control the disassembly of the nucleolus during mitosis in eukaryotic cells?
Do motor proteins all serve a similar function or can they have many varied or specific roles?,Do motor proteins have a universal role in cell function across all living organisms?
What happens to the rest of the organelles?,What is the role of the kinetochore in ensuring mitosis proceeds as expected?
How does the cell make sure to rapidly attach those chromosomes to the mitotic spindle so they don't float freely or mingle with organelles?,"""How does the centrosome and centriole ensure mitosis proceeds regardless of the nucleus's presence?"""
What makes chromosomes stay there?,What is the role of centriole and centrosome in ensuring mitosis proceeds correctly?
How many chromosomes does each daugher cell have after cell division is complete?,What is the implication of a diploid parent cell on its resulting daughter cells?
What happens to the metal after it cools down?,Why does a metal's slight positive charge lead to electron loss?
What is the photon's structure?,What is the mechanism by which energy and mass become interconvertible at high speeds?
How does the photon carry energy?,What is the relationship between energy and mass at relativistic speeds?
Where does the photon store energy?,"""How does the interconvertibility of mass and energy relate to stored versus kinetic energy?"""
Why does the current not increase when the kinetic energy increases?,"""How does increasing frequency affect the kinetic energy of electrons in a wave?"""
Why does the current not increase with increasing frequency?,"""How does an increase in frequency relate to the kinetic energy of electrons?"""
Is the gene coding for the axil color what affects the flower color?,What is the mechanism behind the shared gene phenotype controlling purple color expression?
Does all the atoms in the ion need to be negative or positive for the entire to be that charge?,What is the relationship between an atom's charge and its atomic composition typically?
What is the difference between polygenic and epistasis?,What is the relationship between epistasis and the involvement of multiple genes in a phenotype?
Do non living things have cell?,What is the minimum structural requirement for a living thing according to cellular definition?
Does the chromatin of the cell have any significant change?,"""Does the fundamental similarity between plant and animal chromatin imply significant functional differences?"""
What is the reason for the formation of polyatomic ions?,"What is the total charge a polyatomic molecule when it's an ion, exactly?"
What measures should be taken to ensure that the possibility of DNA template interconnection rather than primers does not occur?,"""How does the temperature at which primers bind affect DNA reassembly efficiency?"""
What is the difference between habitat and population?,What is the relationship between population and community within an ecosystem?
What is predation?,"Do carnivores feed primarily on herbivores, and if so, what are implications?"
What is special about acids and bases?,What is the primary mechanism that distinguishes acids from bases in Lewis theory?
How do you tell acidic salt and a normal salt apart?,Does a strong acid produce a neutral salt when it dissociates in water?
Why aren't  human-made elements classified as compounds?,What is the effect on an atom's elemental identity when protons are added or removed?
Was greek the *scholarly* language of earlier times so that it is even used today?,What role do Greek letters play in doubling our collection of scientific symbols?
What is its difference to Quantum Mechanics?,"""How does the inadequacy of Classical Mechanics imply the need for Quantum Theory?"""
Will the light stay there?,Do the laws of physics apply equally behind a black hole event horizon?
What is the probability that the male offspring will show the dominant trait?,What is the significance of sex linkage for dominant traits on X and Y chromosomes?
How are projectiles and  freefalling objects different?,How does gravity acting on free-falling objects compare to projectiles in motion?
"If before, from which of these domains did Eukarya branch?",What implications arise from Eukarya's supposed branching off from Archea in evolutionary history?
How does Ruminococcus get in the cow's gut to begin with?,Does Ruminococcus's presence in the cow's food imply a subsequent gut colonization?
What is the role of prokaryotes?,"""What mechanisms allow some prokaryotes to resist extreme temperatures and conditions?"""
And why do we need Plasmid?,Do plasmids carrying lethal mutation genes have a significant impact on bacterial survival?
Could the Moon have been of Earth?,What are the implications for Earth's crust of a moon formation from debris?
Did gas giants and sun form in different ways?,Why do gas giants retain atmospheres while smaller planets lose theirs to solar wind?
How are gas molecules supposed to form uranium?,"""How does nuclear fusion in a supernova affect the atomic nuclei composition?"""
Where does the hydrogen essential for the formation of the Sun came from?,What mechanisms allow for leftover hydrogen to coalesce into a new star during supernova?
What was the evidence?,What is the implication of the Moon's composition being similar to Earth's crust?
Does it affect the Existence of life on Earth?,How does the Earth's magnetic field being powered by its molten core imply atmosphere retention?
Is that Earth (or any other planet in solar system) has a core a theory?,What role does the Earth's core play in generating its magnetic field?
What proof is available to support Earth (or any other planet in solar system) has a core?,"""How does the existence of a magnetic field imply the presence of a dense core?"""
Would weight change as you travel deeper underground?,What is the relationship between gravitational force and distance from Earth's center?
What keeps the moon from collapsing itself?,Does a sufficiently large mass overcome the repulsive force between atomic electrons?
Could any forest in the spring recovering from any winter be considered secondary succession?,"Would migration patterns, such as those of swallows, imply secondary succession?"
Does secondary succession always have to occur?,What mechanisms distinguish secondary succession from migratory species' cyclic changes?
Which would lead them to cannibalism of their own kind?,Would the presence of even a single living organism constitute a community?
Why do you suppose there is an actual advantage to losing your eyes if you live in the dark?,What is the relationship between organ complexity and energy efficiency in organisms?
How does the rock effect the community?,"How does rock formation impact ecosystem dynamics, including animal habitat utilization?"
Wouldn't bacteria in the water cause illness towards animals?,Do opportunistic bacteria in animals serve as a complementary defense mechanism to our own gut flora?
How do the birds survive while trees release carbon dioxide during the night?,What effect does smaller oxygen daily intake have on birds' respiratory system functioning?
Does hand have its on population?,What is the significance of including dead cells within a bacterial population community?
Could a ecosystem just have biotic factors but not abiotic factors?,Would an ecosystem still exist without any abiotic factors present in its environment?
Do humans need to protect other species or can we do without?,Do plants' photosynthetic efficiencies imply that human-made alternatives are inherently inferior?
Do human and it's on such a small scale scale that it doesn't matter?,What is the relationship between ecological balance and the collapse of ecosystems?
Can that species adapt to another food source? Or will the species just die off?,Does specialization of a digestive system limit an organism's ability to adapt?
How is energy of human returned to other animals?,"""Do decomposers and organisms return energy to the ecosystem in what forms?"""
Does 'bacteria' do most of the work?,"""How does the degradation rate of a whale carcass by animals compare to bacteria?"""
Would the entire ecosystem collapse?,"What conditions would lead to ecosystem collapse, and what are its long-term consequences?"
Would the entire ecosystem recover and how?,Would restoration of an ecosystem following collapse depend on its original complexity?
Is it possible for there to be a positive outcome?,What would happen to ecosystem balance if a species' ecological niche were completely removed?
How to define an eco-system as being separate from another eco-system?,"What is the relationship between scale, biome, and ecosphere in terms of spatial definition?"
How would we get fossils?,What is the significance of an organism's death location on fossilization chances?
What is the overall balance of energy on this process?,"""What is the role of friction in maintaining electrochemical gradient equilibrium simultaneously?"""
